WingA,WingB,,,Wing A,Wing B
10.7,7.2,,Means,10.3975,8.1225
9.89,6.68,,Std Dev,1.370032174,1.41719469
11.83,9.29,,Two Sample T Test,5.161511664,
9.04,8.95,,Compute P Value,8.00799E-06,
9.37,6.61,,Conclude,P value is less than above so H0 is rejected,
11.68,8.53,,,,
8.36,8.92,,,,
9.76,7.95,,,,
13.67,7.57,,,,
8.96,6.38,,,,
9.51,8.89,,,,
10.85,10.03,,,,
10.57,9.3,,,,
11.06,5.28,,,,
8.91,9.23,,,,
11.79,9.25,,,,
10.59,8.44,,,,
9.13,6.57,,,,
12.37,10.61,,,,
9.91,6.77,,,,
