College,High School,,,,,,
485,442,,,,,,
534,580,,,,,,
650,479,,,525,487,,38
554,486,,,59.42053517,51.74763938,,
550,528,,,,,,
572,524,,,,,,
497,492,,,,,,
592,478,,,,,,
487,425,,,,,,
533,485,,,,,,
526,390,,,,,,
410,535,,,,,,
515,,,,,,,
578,,,,,,,
448,,,,,,,
469,,,,,,,
